episode,phase,ep_reward,ep_length,failure,n_repairs,n_replaces,epsilon,eval_catast,eval_mean_cost
1,train,-1010.4,175,1,0,59,0.9997,,
2,train,-188.8,15,1,0,9,0.9994,,
3,train,-2065.611,400,0,0,123,0.9991,,
4,train,-466.0,74,1,0,28,0.9988,,
5,train,-647.2,107,1,0,39,0.9985,,
6,train,-738.9,139,1,0,46,0.9982,,
7,train,-531.7,87,1,0,33,0.9979,,
8,train,-2091.299,400,0,3,139,0.9976,,
9,train,-1968.05,400,0,3,143,0.9973,,
10,train,-1811.09,358,1,0,128,0.997,,
11,train,-1036.8,168,1,0,51,0.99671,,
12,train,-142.8,9,1,0,2,0.99641,,
13,train,-925.7,144,1,0,43,0.99611,,
14,train,-669.0,111,1,0,41,0.99581,,
15,train,-256.8,34,1,0,16,0.99551,,
16,train,-514.011,75,1,0,34,0.99521,,
17,train,-774.166,157,1,0,54,0.99491,,
18,train,-1062.245,188,1,0,66,0.99462,,
19,train,-594.9,97,1,0,19,0.99432,,
20,train,-1961.6,400,0,1,110,0.99402,,
21,train,-506.3,74,1,0,31,0.99372,,
22,train,-1931.367,400,0,0,111,0.99342,,
23,train,-143.3,9,1,0,4,0.99313,,
24,train,-453.4,73,1,0,23,0.99283,,
25,train,-594.9,88,1,0,25,0.99253,,
26,train,-135.2,7,1,0,3,0.99223,,
27,train,-2187.081,382,1,0,125,0.99194,,
28,train,-463.9,67,1,0,25,0.99164,,
29,train,-1464.3,297,1,0,80,0.99134,,
30,train,-600.6,104,1,0,33,0.99104,,
31,train,-1488.7,270,1,0,108,0.99075,,
32,train,-887.101,140,1,0,51,0.99045,,
33,train,-692.5,129,1,0,35,0.99015,,
34,train,-686.5,108,1,0,30,0.98986,,
35,train,-1296.591,246,1,0,76,0.98956,,
36,train,-787.4,142,1,0,42,0.98926,,
37,train,-978.4,149,1,0,48,0.98897,,
38,train,-298.1,39,1,0,18,0.98867,,
39,train,-401.1,71,1,0,20,0.98838,,
40,train,-290.5,40,1,0,20,0.98808,,
41,train,-1981.78,400,0,2,139,0.98778,,
42,train,-2153.27,400,0,2,134,0.98749,,
43,train,-1923.2,400,0,0,117,0.98719,,
44,train,-869.567,148,1,0,52,0.9869,,
45,train,-788.066,147,1,0,45,0.9866,,
46,train,-894.9,167,1,0,55,0.98631,,
47,train,-129.0,9,1,0,2,0.98601,,
48,train,-486.35,79,1,0,26,0.98571,,
49,train,-1894.665,400,0,2,124,0.98542,,
50,train,-2072.232,394,1,0,148,0.98512,,
51,train,-127.3,7,1,0,2,0.98483,,
52,train,-738.2,125,1,0,46,0.98453,,
53,train,-587.8,93,1,0,38,0.98424,,
54,train,-1392.735,267,1,0,86,0.98394,,
55,train,-145.6,7,1,0,5,0.98365,,
56,train,-212.4,19,1,0,7,0.98336,,
57,train,-209.4,19,1,0,7,0.98306,,
58,train,-1968.875,400,0,1,118,0.98277,,
59,train,-2158.766,400,0,1,125,0.98247,,
60,train,-449.6,74,1,0,29,0.98218,,
61,train,-1167.51,202,1,0,85,0.98188,,
62,train,-301.4,35,1,0,14,0.98159,,
63,train,-1160.549,210,1,0,77,0.9813,,
64,train,-275.386,33,1,0,13,0.981,,
65,train,-2019.405,400,0,2,132,0.98071,,
66,train,-387.3,48,1,0,20,0.98042,,
67,train,-1175.795,200,1,0,75,0.98012,,
68,train,-1981.1,400,0,0,125,0.97983,,
69,train,-430.5,80,1,0,21,0.97954,,
70,train,-1839.142,329,1,0,111,0.97924,,
71,train,-113.6,3,1,0,1,0.97895,,
72,train,-1654.9,319,1,0,109,0.97866,,
73,train,-688.578,120,1,0,33,0.97836,,
74,train,-449.1,57,1,0,14,0.97807,,
75,train,-235.511,27,1,0,9,0.97778,,
76,train,-243.3,28,1,0,10,0.97749,,
77,train,-187.7,18,1,0,4,0.97719,,
78,train,-567.0,101,1,0,23,0.9769,,
79,train,-318.5,43,1,0,9,0.97661,,
80,train,-812.1,152,1,0,53,0.97632,,
81,train,-660.0,127,1,0,31,0.97603,,
82,train,-713.2,125,1,0,43,0.97573,,
83,train,-1792.166,346,1,0,100,0.97544,,
84,train,-1080.7,206,1,0,66,0.97515,,
85,train,-474.4,78,1,0,24,0.97486,,
86,train,-1181.1,229,1,0,82,0.97457,,
87,train,-1984.802,400,0,0,133,0.97427,,
88,train,-539.052,82,1,0,26,0.97398,,
89,train,-1806.723,343,1,0,113,0.97369,,
90,train,-1567.1,322,1,0,95,0.9734,,
91,train,-1553.524,294,1,0,109,0.97311,,
92,train,-586.7,98,1,0,35,0.97282,,
93,train,-1023.9,191,1,0,60,0.97253,,
94,train,-2015.446,400,0,1,124,0.97224,,
95,train,-177.5,16,1,0,6,0.97195,,
96,train,-958.3,163,1,0,59,0.97166,,
97,train,-389.6,58,1,0,18,0.97137,,
98,train,-1333.0,235,1,0,79,0.97108,,
99,train,-1803.074,341,1,0,114,0.97078,,
100,train,-507.319,84,1,0,27,0.97049,,
101,train,-220.8,24,1,0,11,0.9702,,
102,train,-976.3,173,1,0,54,0.96991,,
103,train,-1686.2,339,1,0,111,0.96962,,
104,train,-237.0,20,1,0,11,0.96933,,
105,train,-175.3,18,1,0,6,0.96904,,
106,train,-109.1,1,1,0,0,0.96876,,
107,train,-1008.83,173,1,0,53,0.96847,,
108,train,-2012.0,400,0,0,134,0.96818,,
109,train,-1173.4,224,1,0,64,0.96789,,
110,train,-239.3,25,1,0,9,0.9676,,
111,train,-162.7,11,1,0,4,0.96731,,
112,train,-332.9,50,1,0,14,0.96702,,
113,train,-943.0,162,1,0,56,0.96673,,
114,train,-863.188,181,1,0,50,0.96644,,
115,train,-400.8,74,1,0,20,0.96615,,
116,train,-1956.647,378,1,0,118,0.96586,,
117,train,-1855.246,400,0,0,123,0.96558,,
118,train,-270.4,37,1,0,14,0.96529,,
119,train,-1260.5,221,1,0,77,0.965,,
120,train,-809.011,120,1,0,41,0.96471,,
121,train,-912.5,179,1,0,46,0.96442,,
122,train,-175.0,15,1,0,6,0.96413,,
123,train,-1340.4,253,1,0,91,0.96385,,
124,train,-1857.469,400,0,0,128,0.96356,,
125,train,-1169.3,211,1,0,76,0.96327,,
126,train,-978.235,173,1,0,55,0.96298,,
127,train,-1743.956,341,1,0,110,0.9627,,
128,train,-195.0,23,1,0,6,0.96241,,
129,train,-902.4,160,1,0,60,0.96212,,
130,train,-1888.013,400,0,1,119,0.96183,,
131,train,-1708.449,344,1,0,100,0.96155,,
132,train,-1555.1,300,1,0,88,0.96126,,
133,train,-765.7,137,1,0,43,0.96097,,
134,train,-1429.852,284,1,0,92,0.96068,,
135,train,-601.5,101,1,0,33,0.9604,,
136,train,-684.19,114,1,0,38,0.96011,,
137,train,-1830.224,400,0,2,116,0.95982,,
138,train,-741.3,112,1,0,25,0.95954,,
139,train,-1209.5,225,1,0,64,0.95925,,
140,train,-1871.19,400,0,0,120,0.95896,,
141,train,-381.3,71,1,0,18,0.95868,,
142,train,-899.8,161,1,0,56,0.95839,,
143,train,-527.044,81,1,0,27,0.95811,,
144,train,-252.1,36,1,0,9,0.95782,,
145,train,-1973.7,400,0,2,133,0.95753,,
146,train,-737.495,123,1,0,32,0.95725,,
147,train,-1129.001,212,1,0,82,0.95696,,
148,train,-345.3,56,1,0,24,0.95668,,
149,train,-1658.1,330,1,0,118,0.95639,,
150,train,-920.4,201,1,0,61,0.95611,,
151,train,-1952.558,390,1,0,119,0.95582,,
152,train,-1773.035,400,0,2,113,0.95554,,
153,train,-1950.381,400,0,0,128,0.95525,,
154,train,-2074.074,400,0,2,121,0.95497,,
155,train,-1048.5,200,1,0,75,0.95468,,
156,train,-923.057,150,1,0,44,0.9544,,
157,train,-215.1,27,1,0,8,0.95411,,
158,train,-142.2,8,1,0,3,0.95383,,
159,train,-2067.146,400,0,1,133,0.95354,,
160,train,-453.0,73,1,0,22,0.95326,,
161,train,-364.498,51,1,0,16,0.95297,,
162,train,-1900.209,400,0,0,129,0.95269,,
163,train,-980.3,182,1,0,43,0.9524,,
164,train,-1906.265,400,0,0,138,0.95212,,
165,train,-1956.174,400,0,0,140,0.95184,,
166,train,-1981.17,400,0,0,138,0.95155,,
167,train,-1886.7,400,0,1,115,0.95127,,
168,train,-420.3,72,1,0,22,0.95099,,
169,train,-109.1,1,1,0,0,0.9507,,
170,train,-330.3,59,1,0,18,0.95042,,
171,train,-1086.966,201,1,0,63,0.95013,,
172,train,-477.4,95,1,0,27,0.94985,,
173,train,-1020.5,181,1,0,53,0.94957,,
174,train,-828.4,146,1,0,46,0.94928,,
175,train,-506.0,83,1,0,22,0.949,,
176,train,-1783.251,336,1,0,103,0.94872,,
177,train,-1354.7,262,1,0,84,0.94844,,
178,train,-1407.911,279,1,0,90,0.94815,,
179,train,-743.6,154,1,0,44,0.94787,,
180,train,-108.1,2,1,0,1,0.94759,,
181,train,-329.0,52,1,0,17,0.94731,,
182,train,-524.6,96,1,0,37,0.94702,,
183,train,-706.6,139,1,0,45,0.94674,,
184,train,-1022.6,179,1,0,49,0.94646,,
185,train,-751.4,129,1,0,44,0.94618,,
186,train,-241.05,25,1,0,10,0.94589,,
187,train,-421.4,63,1,0,24,0.94561,,
188,train,-1788.813,345,1,0,123,0.94533,,
189,train,-952.4,168,1,0,51,0.94505,,
190,train,-703.9,132,1,0,39,0.94477,,
191,train,-109.1,1,1,0,0,0.94449,,
192,train,-758.293,139,1,0,39,0.9442,,
193,train,-14.5,3,0,2,0,0.94392,,
194,train,-250.3,34,1,0,8,0.94364,,
195,train,-780.2,151,1,0,56,0.94336,,
196,train,-698.2,127,1,0,37,0.94308,,
197,train,-563.246,101,1,0,34,0.9428,,
198,train,-1840.0,400,0,2,118,0.94252,,
199,train,-385.452,57,1,0,21,0.94224,,
200,train,-575.636,100,1,0,34,0.94196,,
201,train,-1853.346,400,0,0,118,0.94168,,
202,train,-1901.164,400,0,0,128,0.9414,,
203,train,-264.2,39,1,0,10,0.94111,,
204,train,-1057.558,213,1,0,59,0.94083,,
205,train,-1465.509,296,1,0,89,0.94055,,
206,train,-2057.708,400,0,0,135,0.94027,,
207,train,-109.1,1,1,0,0,0.93999,,
208,train,-1354.078,257,1,0,82,0.93971,,
209,train,-603.5,106,1,0,33,0.93943,,
210,train,-109.092,1,1,0,0,0.93915,,
211,train,-1954.607,400,0,0,128,0.93887,,
212,train,-1951.283,400,0,3,124,0.9386,,
213,train,-705.069,127,1,0,37,0.93832,,
214,train,-1671.788,326,1,0,95,0.93804,,
215,train,-1355.39,266,1,0,71,0.93776,,
216,train,-1185.663,231,1,0,66,0.93748,,
217,train,-1259.822,234,1,0,83,0.9372,,
218,train,-124.5,8,1,0,3,0.93692,,
219,train,-1465.5,321,1,0,94,0.93664,,
220,train,-547.8,92,1,0,36,0.93636,,
221,train,-1779.761,400,0,0,115,0.93608,,
222,train,-1949.043,400,0,1,126,0.9358,,
223,train,-1900.1,346,1,0,111,0.93553,,
224,train,-1292.665,262,1,0,72,0.93525,,
225,train,-1934.2,400,0,0,123,0.93497,,
226,train,-789.975,148,1,0,43,0.93469,,
227,train,-109.1,1,1,0,0,0.93441,,
228,train,-578.552,104,1,0,32,0.93413,,
229,train,-525.2,91,1,0,32,0.93386,,
230,train,-1541.598,300,1,0,82,0.93358,,
231,train,-1587.5,336,1,0,109,0.9333,,
232,train,-1815.747,400,0,0,130,0.93302,,
233,train,-148.8,10,1,0,4,0.93275,,
234,train,-1923.145,382,1,0,116,0.93247,,
235,train,-1916.287,400,0,0,116,0.93219,,
236,train,-259.9,36,1,0,12,0.93191,,
237,train,-282.3,38,1,0,15,0.93164,,
238,train,-686.4,124,1,0,35,0.93136,,
239,train,-680.8,128,1,0,41,0.93108,,
240,train,-1968.388,400,0,4,121,0.9308,,
241,train,-509.505,79,1,0,22,0.93053,,
242,train,-1569.2,297,1,0,102,0.93025,,
243,train,-1444.28,310,1,0,82,0.92997,,
244,train,-929.5,182,1,0,63,0.9297,,
245,train,-1474.7,295,1,0,86,0.92942,,
246,train,-1126.9,221,1,0,74,0.92914,,
247,train,-1845.545,400,0,1,128,0.92887,,
248,train,-1974.905,400,0,1,152,0.92859,,
249,train,-1260.5,259,1,0,89,0.92832,,
250,train,-1850.933,387,1,0,118,0.92804,,
251,train,-1027.361,198,1,0,59,0.92776,,
252,train,-1798.9,400,0,1,123,0.92749,,
253,train,-1369.846,247,1,0,84,0.92721,,
254,train,-2028.892,400,0,2,128,0.92694,,
255,train,-846.256,158,1,0,56,0.92666,,
256,train,-664.0,111,1,0,32,0.92639,,
257,train,-2009.48,384,1,0,115,0.92611,,
258,train,-1688.348,331,1,0,103,0.92583,,
259,train,-1795.898,400,0,0,111,0.92556,,
260,train,-1857.918,400,0,0,127,0.92528,,
261,train,-1402.046,302,1,0,84,0.92501,,
262,train,-720.4,137,1,0,42,0.92473,,
263,train,-405.0,67,1,0,21,0.92446,,
264,train,-584.3,108,1,0,34,0.92418,,
265,train,-164.0,12,1,0,1,0.92391,,
266,train,-2004.2,374,1,0,120,0.92364,,
267,train,-2103.456,389,1,0,115,0.92336,,
268,train,-1529.7,285,1,0,99,0.92309,,
269,train,-974.818,178,1,0,50,0.92281,,
270,train,-328.0,53,1,0,17,0.92254,,
271,train,-1107.9,193,1,0,65,0.92226,,
272,train,-500.1,72,1,0,31,0.92199,,
273,train,-1598.02,323,1,0,112,0.92172,,
274,train,-1455.7,282,1,0,92,0.92144,,
275,train,-880.9,152,1,0,55,0.92117,,
276,train,-646.446,127,1,0,40,0.92089,,
277,train,-1505.761,322,1,0,85,0.92062,,
278,train,-1806.0,400,0,2,134,0.92035,,
279,train,-1850.232,400,0,1,125,0.92007,,
280,train,-136.8,8,1,0,3,0.9198,,
281,train,-1990.049,400,0,0,132,0.91953,,
282,train,-953.6,165,1,0,55,0.91925,,
283,train,-1820.023,400,0,0,114,0.91898,,
284,train,-1353.345,269,1,0,80,0.91871,,
285,train,-1141.303,224,1,0,75,0.91844,,
286,train,-556.1,92,1,0,32,0.91816,,
287,train,-508.8,81,1,0,33,0.91789,,
288,train,-1879.0,400,0,4,142,0.91762,,
289,train,-331.2,49,1,0,20,0.91735,,
290,train,-505.499,89,1,0,26,0.91707,,
291,train,-1571.3,320,1,0,101,0.9168,,
292,train,-660.899,116,1,0,47,0.91653,,
293,train,-1863.433,400,0,0,124,0.91626,,
294,train,-1109.7,218,1,0,64,0.91598,,
295,train,-541.598,98,1,0,32,0.91571,,
296,train,-1821.393,400,0,1,116,0.91544,,
297,train,-882.819,169,1,0,41,0.91517,,
298,train,-240.892,29,1,0,10,0.9149,,
299,train,-1141.378,225,1,0,74,0.91463,,
300,train,-1103.352,211,1,0,59,0.91435,,
301,train,-887.798,158,1,0,60,0.91408,,
302,train,-1667.8,322,1,0,98,0.91381,,
303,train,-1020.529,188,1,0,54,0.91354,,
304,train,-1909.9,400,0,0,123,0.91327,,
305,train,-806.854,149,1,0,52,0.913,,
306,train,-396.5,76,1,0,21,0.91273,,
307,train,-436.052,71,1,0,28,0.91246,,
308,train,-1891.752,400,0,0,120,0.91218,,
309,train,-589.9,92,1,0,19,0.91191,,
310,train,-1969.0,400,0,1,117,0.91164,,
311,train,-1853.946,400,0,2,135,0.91137,,
312,train,-151.5,9,1,0,5,0.9111,,
313,train,-1900.991,400,0,8,115,0.91083,,
314,train,-1641.766,400,0,2,101,0.91056,,
315,train,-238.6,25,1,0,11,0.91029,,
316,train,-1886.354,354,1,0,100,0.91002,,
317,train,-388.4,70,1,0,20,0.90975,,
318,train,-1853.818,400,0,0,114,0.90948,,
319,train,-1452.812,305,1,0,103,0.90921,,
320,train,-721.7,135,1,0,35,0.90894,,
321,train,-1251.2,266,1,0,76,0.90867,,
322,train,-1652.842,324,1,0,92,0.9084,,
323,train,-256.1,32,1,0,14,0.90813,,
324,train,-368.3,55,1,0,18,0.90786,,
325,train,-1933.688,400,0,1,127,0.9076,,
326,train,-656.918,115,1,0,41,0.90733,,
327,train,-587.8,110,1,0,34,0.90706,,
328,train,-1559.553,285,1,0,85,0.90679,,
329,train,-1822.389,400,0,1,117,0.90652,,
330,train,-999.0,180,1,0,69,0.90625,,
331,train,-1182.1,240,1,0,76,0.90598,,
332,train,-517.9,97,1,0,29,0.90571,,
333,train,-1911.388,400,0,0,126,0.90544,,
334,train,-1158.635,246,1,0,68,0.90518,,
335,train,-322.789,45,1,0,12,0.90491,,
336,train,-274.287,32,1,0,14,0.90464,,
337,train,-308.2,39,1,0,9,0.90437,,
338,train,-1346.295,270,1,0,93,0.9041,,
339,train,-589.846,88,1,0,25,0.90384,,
340,train,-109.1,1,1,0,0,0.90357,,
341,train,-109.1,1,1,0,0,0.9033,,
342,train,-975.643,181,1,0,61,0.90303,,
343,train,-564.0,109,1,0,33,0.90276,,
344,train,-466.37,72,1,0,26,0.9025,,
345,train,-264.838,33,1,0,13,0.90223,,
346,train,-143.1,7,1,0,4,0.90196,,
347,train,-717.189,142,1,0,39,0.90169,,
348,train,-473.398,75,1,0,24,0.90143,,
349,train,-748.5,137,1,0,36,0.90116,,
350,train,-1125.898,228,1,0,62,0.90089,,
351,train,-847.271,157,1,0,47,0.90063,,
352,train,-1267.5,280,1,0,82,0.90036,,
353,train,-1873.657,400,0,0,129,0.90009,,
354,train,-282.9,47,1,0,9,0.89983,,
355,train,-1844.75,400,0,3,119,0.89956,,
356,train,-108.0,1,1,0,1,0.89929,,
357,train,-274.7,39,1,0,11,0.89903,,
358,train,-364.1,59,1,0,21,0.89876,,
359,train,-949.5,198,1,0,54,0.89849,,
360,train,-1796.1,400,0,2,112,0.89823,,
361,train,-672.6,128,1,0,33,0.89796,,
362,train,-993.346,196,1,0,71,0.8977,,
363,train,-109.1,1,1,0,0,0.89743,,
364,train,-1088.188,217,1,0,69,0.89716,,
365,train,-372.7,64,1,0,17,0.8969,,
366,train,-1400.434,270,1,0,84,0.89663,,
367,train,-778.866,160,1,0,50,0.89637,,
368,train,-526.3,98,1,0,24,0.8961,,
369,train,-521.374,98,1,0,25,0.89584,,
370,train,-377.4,51,1,0,20,0.89557,,
371,train,-195.1,20,1,0,6,0.89531,,
372,train,-441.0,69,1,0,26,0.89504,,
373,train,-617.4,105,1,0,37,0.89478,,
374,train,-1017.8,199,1,0,61,0.89451,,
375,train,-313.456,45,1,0,20,0.89425,,
376,train,-1529.599,318,1,0,87,0.89398,,
377,train,-725.344,135,1,0,44,0.89372,,
378,train,-109.1,1,1,0,0,0.89345,,
379,train,-1007.252,200,1,0,56,0.89319,,
380,train,-1395.724,265,1,0,83,0.89292,,
381,train,-751.5,133,1,0,40,0.89266,,
382,train,-1934.9,400,0,5,134,0.8924,,
383,train,-1884.225,400,0,0,111,0.89213,,
384,train,-885.8,153,1,0,54,0.89187,,
385,train,-1082.0,215,1,0,63,0.8916,,
386,train,-560.6,100,1,0,27,0.89134,,
387,train,-1269.999,275,1,0,85,0.89108,,
388,train,-828.448,151,1,0,52,0.89081,,
389,train,-293.051,45,1,0,14,0.89055,,
390,train,-429.7,59,1,0,21,0.89029,,
391,train,-593.952,110,1,0,30,0.89002,,
392,train,-109.1,1,1,0,0,0.88976,,
393,train,-512.5,100,1,0,28,0.8895,,
394,train,-1621.174,400,0,0,108,0.88923,,
395,train,-160.843,11,1,0,6,0.88897,,
396,train,-1441.9,304,1,0,92,0.88871,,
397,train,-1985.255,400,1,0,110,0.88844,,
398,train,-1942.147,400,0,1,113,0.88818,,
399,train,-1822.35,356,1,0,110,0.88792,,
400,train,-186.0,17,1,0,6,0.88766,,
400,eval,,,,,,0.88766,0.15,345.802
401,train,-1546.219,352,1,0,97,0.88739,,
402,train,-1807.964,400,0,3,118,0.88713,,
403,train,-512.381,90,1,0,26,0.88687,,
404,train,-1903.575,400,0,0,106,0.88661,,
405,train,-1193.469,263,1,0,72,0.88634,,
406,train,-1018.256,204,1,0,67,0.88608,,
407,train,-378.1,73,1,0,20,0.88582,,
408,train,-573.4,99,1,0,30,0.88556,,
409,train,-774.561,132,1,0,44,0.8853,,
410,train,-1873.368,400,0,4,123,0.88503,,
411,train,-889.639,174,1,0,60,0.88477,,
412,train,-109.1,1,1,0,0,0.88451,,
413,train,-1012.1,218,1,0,57,0.88425,,
414,train,-137.1,7,1,0,3,0.88399,,
415,train,-946.985,191,1,0,64,0.88373,,
416,train,-396.6,55,1,0,8,0.88347,,
417,train,-1385.5,301,1,0,83,0.88321,,
418,train,-354.122,48,1,0,18,0.88294,,
419,train,-1298.711,255,1,0,82,0.88268,,
420,train,-1732.369,400,0,0,120,0.88242,,
421,train,-472.1,77,1,0,33,0.88216,,
422,train,-788.4,170,1,0,44,0.8819,,
423,train,-284.5,35,1,0,16,0.88164,,
424,train,-442.2,79,1,0,25,0.88138,,
425,train,-417.911,59,1,0,22,0.88112,,
426,train,-213.3,28,1,0,10,0.88086,,
427,train,-405.8,72,1,0,15,0.8806,,
428,train,-1808.0,400,0,3,112,0.88034,,
429,train,-1086.6,238,1,0,73,0.88008,,
430,train,-411.478,84,1,0,24,0.87982,,
431,train,-519.905,95,1,0,27,0.87956,,
432,train,-1986.4,400,0,3,120,0.8793,,
433,train,-1809.515,400,0,3,117,0.87904,,
434,train,-1045.889,179,1,0,49,0.87878,,
435,train,-1072.6,230,1,0,67,0.87852,,
436,train,-284.663,35,1,0,13,0.87826,,
437,train,-1436.2,293,1,0,95,0.878,,
438,train,-1751.1,400,0,2,129,0.87774,,
439,train,-500.7,69,1,0,27,0.87748,,
440,train,-362.4,60,1,0,19,0.87722,,
441,train,-109.1,1,1,0,0,0.87696,,
442,train,-987.2,200,1,0,65,0.87671,,
443,train,-109.1,1,1,0,0,0.87645,,
444,train,-1494.2,322,1,0,85,0.87619,,
445,train,-785.3,164,1,0,44,0.87593,,
446,train,-651.111,128,1,0,36,0.87567,,
447,train,-278.9,48,1,0,16,0.87541,,
448,train,-1783.353,400,0,0,125,0.87515,,
449,train,-816.102,172,1,0,45,0.8749,,
450,train,-651.8,137,1,0,35,0.87464,,
451,train,-1370.569,299,1,0,86,0.87438,,
452,train,-749.645,138,1,0,41,0.87412,,
453,train,-271.8,32,1,0,14,0.87386,,
454,train,-1833.286,400,0,1,124,0.87361,,
455,train,-344.7,57,1,0,21,0.87335,,
456,train,-1797.7,400,0,0,123,0.87309,,
457,train,-137.5,5,1,0,4,0.87283,,
458,train,-1828.565,400,0,0,107,0.87257,,
459,train,-1855.073,400,0,0,129,0.87232,,
460,train,-697.446,124,1,0,47,0.87206,,
461,train,-820.358,161,1,0,55,0.8718,,
462,train,-261.4,38,1,0,7,0.87154,,
463,train,-1615.5,347,1,0,111,0.87129,,
464,train,-1806.7,400,0,1,124,0.87103,,
465,train,-1743.202,377,1,0,108,0.87077,,
466,train,-332.0,62,1,0,13,0.87052,,
467,train,-325.454,55,1,0,13,0.87026,,
468,train,-689.598,135,1,0,39,0.87,,
469,train,-124.2,5,1,0,3,0.86975,,
470,train,-108.1,2,1,0,1,0.86949,,
471,train,-1726.6,356,1,0,112,0.86923,,
472,train,-297.354,37,1,0,9,0.86898,,
473,train,-420.4,68,1,0,19,0.86872,,
474,train,-933.0,188,1,0,68,0.86846,,
475,train,-1799.65,400,0,2,125,0.86821,,
476,train,-1398.817,287,1,0,76,0.86795,,
477,train,-1510.8,337,1,0,93,0.8677,,
478,train,-700.495,149,1,0,31,0.86744,,
479,train,-393.8,65,1,0,19,0.86719,,
480,train,-398.4,75,1,0,17,0.86693,,
481,train,-1348.3,246,1,0,62,0.86667,,
482,train,-256.6,43,1,0,13,0.86642,,
483,train,-1422.1,279,1,0,82,0.86616,,
484,train,-1710.31,400,0,0,121,0.86591,,
485,train,-911.218,187,1,0,54,0.86565,,
486,train,-1857.478,400,0,0,122,0.8654,,
487,train,-1770.349,400,0,0,119,0.86514,,
488,train,-1865.589,400,0,9,110,0.86489,,
489,train,-249.1,37,1,0,11,0.86463,,
490,train,-1675.176,400,0,0,123,0.86438,,
491,train,-1696.458,339,1,0,111,0.86412,,
492,train,-447.2,66,1,0,22,0.86387,,
493,train,-766.3,141,1,0,53,0.86361,,
494,train,-804.3,149,1,0,55,0.86336,,
495,train,-1816.446,400,0,1,93,0.8631,,
496,train,-210.093,26,1,0,8,0.86285,,
497,train,-1597.631,333,1,0,95,0.8626,,
498,train,-931.389,183,1,0,53,0.86234,,
499,train,-549.27,104,1,0,27,0.86209,,
500,train,-1656.8,400,0,0,97,0.86183,,
501,train,-1937.85,400,0,1,122,0.86158,,
502,train,-124.1,4,1,0,3,0.86133,,
503,train,-1409.32,298,1,0,72,0.86107,,
504,train,-1845.145,400,0,4,109,0.86082,,
505,train,-1721.376,400,0,2,105,0.86056,,
506,train,-1697.71,400,0,2,121,0.86031,,
507,train,-461.743,96,1,0,24,0.86006,,
508,train,-1836.87,400,0,2,105,0.8598,,
509,train,-962.64,198,1,0,61,0.85955,,
510,train,-1524.507,321,1,0,89,0.8593,,
511,train,-970.388,192,1,0,48,0.85905,,
512,train,-1140.1,234,1,0,64,0.85879,,
513,train,-536.5,88,1,0,23,0.85854,,
514,train,-941.563,187,1,0,60,0.85829,,
515,train,-1233.6,243,1,0,86,0.85803,,
516,train,-357.4,65,1,0,21,0.85778,,
517,train,-392.1,80,1,0,24,0.85753,,
518,train,-833.45,170,1,0,55,0.85728,,
519,train,-442.2,61,1,0,22,0.85702,,
520,train,-1761.156,366,1,0,109,0.85677,,
521,train,-782.48,152,1,0,43,0.85652,,
522,train,-218.1,32,1,0,9,0.85627,,
523,train,-1753.413,400,0,3,106,0.85602,,
524,train,-789.621,164,1,0,47,0.85576,,
525,train,-1262.949,269,1,0,78,0.85551,,
526,train,-1739.323,379,1,0,101,0.85526,,
527,train,-1363.161,280,1,0,84,0.85501,,
528,train,-322.3,51,1,0,9,0.85476,,
529,train,-553.0,105,1,0,27,0.8545,,
530,train,-1614.374,400,0,1,92,0.85425,,
531,train,-846.1,173,1,0,61,0.854,,
532,train,-1423.376,266,1,0,93,0.85375,,
533,train,-199.07,19,1,0,4,0.8535,,
534,train,-1641.198,400,0,0,102,0.85325,,
535,train,-1751.9,400,0,2,110,0.853,,
536,train,-1727.065,400,0,2,115,0.85275,,
537,train,-1395.003,308,1,0,83,0.8525,,
538,train,-159.639,14,1,0,6,0.85224,,
539,train,-1723.366,400,0,0,112,0.85199,,
540,train,-367.549,55,1,0,15,0.85174,,
541,train,-1070.27,194,1,0,70,0.85149,,
542,train,-317.054,53,1,0,15,0.85124,,
543,train,-697.6,106,1,0,17,0.85099,,
544,train,-1180.487,238,1,0,82,0.85074,,
545,train,-1221.718,257,1,0,57,0.85049,,
546,train,-848.6,153,1,0,47,0.85024,,
547,train,-113.5,2,1,0,1,0.84999,,
548,train,-341.3,56,1,0,17,0.84974,,
549,train,-987.845,186,1,0,54,0.84949,,
550,train,-469.0,96,1,0,22,0.84924,,
551,train,-572.1,122,1,0,32,0.84899,,
552,train,-830.152,162,1,0,52,0.84874,,
553,train,-1495.91,304,1,0,88,0.84849,,
554,train,-109.1,1,1,0,0,0.84824,,
555,train,-433.6,80,1,0,20,0.84799,,
556,train,-866.9,189,1,0,52,0.84774,,
557,train,-191.052,24,1,0,7,0.8475,,
558,train,-1577.6,400,0,2,101,0.84725,,
559,train,-501.849,91,1,0,25,0.847,,
560,train,-648.0,132,1,0,35,0.84675,,
561,train,-313.4,53,1,0,14,0.8465,,
562,train,-1780.071,400,1,0,108,0.84625,,
563,train,-1551.078,323,1,0,77,0.846,,
564,train,-709.2,147,1,0,44,0.84575,,
565,train,-490.5,90,1,0,25,0.8455,,
566,train,-156.3,11,1,0,3,0.84526,,
567,train,-445.9,88,1,0,24,0.84501,,
568,train,-845.8,197,1,0,54,0.84476,,
569,train,-286.7,42,1,0,16,0.84451,,
570,train,-1173.757,252,1,0,81,0.84426,,
571,train,-277.978,48,1,0,12,0.84402,,
572,train,-1813.5,363,1,0,113,0.84377,,
573,train,-204.449,19,1,0,9,0.84352,,
574,train,-418.4,79,1,0,18,0.84327,,
575,train,-424.251,82,1,0,29,0.84302,,
576,train,-226.988,31,1,0,9,0.84278,,
577,train,-1737.602,399,1,0,105,0.84253,,
578,train,-1748.593,400,0,0,116,0.84228,,
579,train,-1244.209,250,1,0,70,0.84203,,
580,train,-753.036,151,1,0,47,0.84179,,
581,train,-1086.2,229,1,0,63,0.84154,,
582,train,-969.1,186,1,0,57,0.84129,,
583,train,-1724.702,400,0,0,121,0.84105,,
584,train,-1737.27,400,0,2,127,0.8408,,
585,train,-1111.042,245,1,0,60,0.84055,,
586,train,-1041.6,206,1,0,67,0.8403,,
587,train,-1793.2,400,0,0,116,0.84006,,
588,train,-574.1,115,1,0,32,0.83981,,
589,train,-461.5,95,1,0,28,0.83956,,
590,train,-1539.768,322,1,0,83,0.83932,,
591,train,-348.8,57,1,0,19,0.83907,,
592,train,-683.806,150,1,0,37,0.83883,,
593,train,-1775.3,400,0,1,113,0.83858,,
594,train,-1110.135,228,1,0,71,0.83833,,
595,train,-1707.8,400,0,1,118,0.83809,,
596,train,-1754.735,400,0,0,115,0.83784,,
597,train,-378.0,75,1,0,24,0.83759,,
598,train,-1075.4,206,1,0,64,0.83735,,
599,train,-108.0,1,1,0,1,0.8371,,
600,train,-1808.991,400,0,0,113,0.83686,,
601,train,-699.5,152,1,0,41,0.83661,,
602,train,-422.9,73,1,0,27,0.83637,,
603,train,-109.1,1,1,0,0,0.83612,,
604,train,-965.546,234,1,0,57,0.83588,,
605,train,-1679.845,400,0,2,113,0.83563,,
606,train,-109.1,1,1,0,0,0.83539,,
607,train,-595.8,111,1,0,35,0.83514,,
608,train,-581.348,108,1,0,37,0.8349,,
609,train,-1455.389,310,1,0,89,0.83465,,
610,train,-1100.989,254,1,0,64,0.83441,,
611,train,-1425.756,298,1,0,94,0.83416,,
612,train,-284.7,40,1,0,13,0.83392,,
613,train,-1736.7,386,1,0,109,0.83367,,
614,train,-162.316,13,1,0,3,0.83343,,
615,train,-210.0,29,1,0,9,0.83318,,
616,train,-172.2,11,1,0,3,0.83294,,
617,train,-196.8,26,1,0,9,0.83269,,
618,train,-471.578,91,1,0,21,0.83245,,
619,train,-522.446,103,1,0,28,0.83221,,
620,train,-1415.446,322,1,0,78,0.83196,,
621,train,-1453.6,294,1,0,91,0.83172,,
622,train,-454.199,74,1,0,22,0.83147,,
623,train,-543.639,99,1,0,31,0.83123,,
624,train,-1713.82,400,0,1,116,0.83099,,
625,train,-109.1,1,1,0,0,0.83074,,
626,train,-1770.808,400,0,0,112,0.8305,,
627,train,-1631.847,400,0,0,116,0.83026,,
628,train,-1736.818,400,0,0,120,0.83001,,
629,train,-956.9,195,1,0,60,0.82977,,
630,train,-138.2,12,1,0,4,0.82953,,
631,train,-595.1,103,1,0,32,0.82928,,
632,train,-1743.3,400,0,1,119,0.82904,,
633,train,-156.9,12,1,0,5,0.8288,,
634,train,-510.646,81,1,0,22,0.82855,,
635,train,-176.0,20,1,0,8,0.82831,,
636,train,-1357.2,309,1,0,80,0.82807,,
637,train,-1391.911,300,1,0,77,0.82783,,
638,train,-370.7,70,1,0,21,0.82758,,
639,train,-1616.113,400,0,2,100,0.82734,,
640,train,-213.3,29,1,0,9,0.8271,,
641,train,-1685.619,400,0,0,101,0.82686,,
642,train,-1683.487,400,0,0,106,0.82661,,
643,train,-160.2,20,1,0,6,0.82637,,
644,train,-352.1,61,1,0,18,0.82613,,
645,train,-162.6,19,1,0,7,0.82589,,
646,train,-641.8,128,1,0,38,0.82565,,
647,train,-703.6,134,1,0,48,0.8254,,
648,train,-191.845,19,1,0,5,0.82516,,
649,train,-1680.124,400,0,2,96,0.82492,,
650,train,-906.2,184,1,0,54,0.82468,,
651,train,-863.7,194,1,0,42,0.82444,,
652,train,-1662.0,400,0,0,118,0.8242,,
653,train,-1418.0,337,1,0,92,0.82395,,
654,train,-492.688,83,1,0,28,0.82371,,
655,train,-453.801,78,1,0,23,0.82347,,
656,train,-1029.288,230,1,0,70,0.82323,,
657,train,-255.4,51,1,0,9,0.82299,,
658,train,-819.1,185,1,0,38,0.82275,,
659,train,-206.9,29,1,0,8,0.82251,,
660,train,-365.636,79,1,0,23,0.82227,,
661,train,-800.6,178,1,0,44,0.82203,,
662,train,-1386.4,298,1,0,72,0.82179,,
663,train,-5.5,1,0,1,0,0.82155,,
664,train,-1108.774,245,1,0,74,0.8213,,
665,train,-1642.57,400,0,0,106,0.82106,,
666,train,-150.552,14,1,0,2,0.82082,,
667,train,-177.752,19,1,0,8,0.82058,,
668,train,-188.1,18,1,0,5,0.82034,,
669,train,-159.5,17,1,0,2,0.8201,,
670,train,-1772.6,372,1,0,108,0.81986,,
671,train,-338.4,57,1,0,8,0.81962,,
672,train,-536.3,106,1,0,33,0.81938,,
673,train,-524.0,107,1,0,28,0.81914,,
674,train,-1531.023,400,0,0,106,0.8189,,
675,train,-1431.999,400,0,1,84,0.81866,,
676,train,-1609.6,400,0,2,107,0.81843,,
677,train,-1672.084,374,1,0,92,0.81819,,
678,train,-1158.081,251,1,0,68,0.81795,,
679,train,-109.1,1,1,0,0,0.81771,,
680,train,-1564.539,400,0,0,99,0.81747,,
681,train,-458.228,70,1,0,19,0.81723,,
682,train,-109.1,1,1,0,0,0.81699,,
683,train,-1602.418,400,0,1,100,0.81675,,
684,train,-253.7,38,1,0,14,0.81651,,
685,train,-849.24,195,1,0,50,0.81627,,
686,train,-721.8,152,1,0,46,0.81603,,
687,train,-624.1,128,1,0,35,0.8158,,
688,train,-819.9,187,1,0,54,0.81556,,
689,train,-1474.693,350,1,0,85,0.81532,,
690,train,-1521.527,339,1,0,84,0.81508,,
691,train,-1602.3,400,0,0,122,0.81484,,
692,train,-1553.834,400,0,0,112,0.8146,,
693,train,-786.2,156,1,0,34,0.81437,,
694,train,-503.911,91,1,0,24,0.81413,,
695,train,-432.243,71,1,0,23,0.81389,,
696,train,-656.8,115,1,0,22,0.81365,,
697,train,-801.5,175,1,0,48,0.81341,,
698,train,-520.8,110,1,0,23,0.81318,,
699,train,-311.7,55,1,0,16,0.81294,,
700,train,-1109.098,250,1,0,71,0.8127,,
701,train,-1708.998,400,0,0,103,0.81246,,
702,train,-1562.172,400,0,1,90,0.81223,,
703,train,-500.162,77,1,0,24,0.81199,,
704,train,-1644.8,400,0,1,86,0.81175,,
705,train,-1601.92,400,0,0,103,0.81151,,
706,train,-302.2,54,1,0,18,0.81128,,
707,train,-1463.0,345,1,0,88,0.81104,,
708,train,-1242.3,275,1,0,74,0.8108,,
709,train,-1046.709,235,1,0,64,0.81057,,
710,train,-340.765,50,1,0,16,0.81033,,
711,train,-1756.909,400,0,0,104,0.81009,,
712,train,-817.688,177,1,0,52,0.80986,,
713,train,-464.141,83,1,0,30,0.80962,,
714,train,-296.454,53,1,0,12,0.80938,,
715,train,-1667.021,400,0,0,106,0.80915,,
716,train,-1875.519,397,1,0,98,0.80891,,
717,train,-643.746,128,1,0,30,0.80867,,
718,train,-1660.016,400,0,1,112,0.80844,,
719,train,-1719.411,400,0,4,123,0.8082,,
720,train,-1807.545,400,0,0,121,0.80797,,
721,train,-478.6,97,1,0,28,0.80773,,
722,train,-691.2,133,1,0,33,0.80749,,
723,train,-109.1,1,1,0,0,0.80726,,
724,train,-1776.9,400,0,1,104,0.80702,,
725,train,-1503.516,368,1,0,98,0.80679,,
726,train,-1052.7,229,1,0,59,0.80655,,
727,train,-1748.8,400,0,1,118,0.80632,,
728,train,-641.0,126,1,0,40,0.80608,,
729,train,-992.107,221,1,0,52,0.80584,,
730,train,-134.5,10,1,0,2,0.80561,,
731,train,-1561.755,400,0,0,90,0.80537,,
732,train,-249.1,39,1,0,6,0.80514,,
733,train,-1457.207,325,1,0,79,0.8049,,
734,train,-1558.907,400,0,0,113,0.80467,,
735,train,-1620.143,400,0,4,99,0.80443,,
736,train,-471.6,85,1,0,24,0.8042,,
737,train,-634.252,120,1,0,29,0.80396,,
738,train,-1218.8,285,1,0,72,0.80373,,
739,train,-223.3,29,1,0,7,0.8035,,
740,train,-1643.977,400,0,0,91,0.80326,,
741,train,-113.9,6,1,0,1,0.80303,,
742,train,-109.1,1,1,0,0,0.80279,,
743,train,-239.4,38,1,0,9,0.80256,,
744,train,-1590.493,358,1,0,93,0.80232,,
745,train,-826.323,174,1,0,58,0.80209,,
746,train,-1256.1,297,1,0,76,0.80186,,
747,train,-267.5,40,1,0,9,0.80162,,
748,train,-1504.788,304,1,0,88,0.80139,,
749,train,-1054.368,230,1,0,66,0.80115,,
750,train,-1167.778,264,1,0,78,0.80092,,
751,train,-456.341,83,1,0,27,0.80069,,
752,train,-1595.1,400,0,0,115,0.80045,,
753,train,-1666.581,400,0,0,104,0.80022,,
754,train,-1694.8,400,0,0,105,0.79999,,
755,train,-1416.249,316,1,0,84,0.79975,,
756,train,-1650.436,400,0,0,107,0.79952,,
757,train,-457.275,84,1,0,24,0.79929,,
758,train,-216.4,30,1,0,9,0.79905,,
759,train,-1602.468,400,0,1,103,0.79882,,
760,train,-997.343,218,1,0,54,0.79859,,
761,train,-861.915,190,1,0,53,0.79836,,
762,train,-846.945,183,1,0,61,0.79812,,
763,train,-254.4,36,1,0,13,0.79789,,
764,train,-116.2,4,1,0,2,0.79766,,
765,train,-1558.771,400,0,0,95,0.79742,,
766,train,-1559.9,400,0,0,100,0.79719,,
767,train,-574.451,128,1,0,31,0.79696,,
768,train,-150.4,11,1,0,4,0.79673,,
769,train,-1384.183,314,1,0,84,0.7965,,
770,train,-1065.554,248,1,0,62,0.79626,,
771,train,-247.6,30,1,0,9,0.79603,,
772,train,-189.9,21,1,0,8,0.7958,,
773,train,-849.5,200,1,0,56,0.79557,,
774,train,-1478.4,400,0,0,85,0.79534,,
775,train,-166.7,21,1,0,4,0.7951,,
776,train,-501.493,109,1,0,27,0.79487,,
777,train,-386.1,66,1,0,23,0.79464,,
778,train,-256.3,36,1,0,6,0.79441,,
779,train,-738.011,160,1,0,45,0.79418,,
780,train,-395.2,47,1,0,12,0.79395,,
781,train,-1581.9,386,1,0,107,0.79372,,
782,train,-1073.604,236,1,0,55,0.79348,,
783,train,-487.5,84,1,0,20,0.79325,,
784,train,-1556.748,400,0,3,105,0.79302,,
785,train,-194.8,18,1,0,3,0.79279,,
786,train,-1494.99,400,0,2,96,0.79256,,
787,train,-1679.069,400,0,0,103,0.79233,,
788,train,-353.9,47,1,0,11,0.7921,,
789,train,-991.5,242,1,0,61,0.79187,,
790,train,-307.0,48,1,0,12,0.79164,,
791,train,-109.1,1,1,0,0,0.79141,,
792,train,-975.12,227,1,0,60,0.79118,,
793,train,-1105.407,235,1,0,67,0.79095,,
794,train,-1247.7,289,1,0,71,0.79072,,
795,train,-1677.684,400,0,1,97,0.79049,,
796,train,-593.8,125,1,0,36,0.79026,,
797,train,-229.6,38,1,0,7,0.79003,,
798,train,-851.388,182,1,0,43,0.7898,,
799,train,-272.9,47,1,0,8,0.78957,,
800,train,-7.5,2,0,1,0,0.78934,,
800,eval,,,,,,0.78934,0.11667,291.835
801,train,-1534.804,400,0,3,104,0.78911,,
802,train,-646.466,134,1,0,37,0.78888,,
803,train,-1698.47,400,0,7,96,0.78865,,
804,train,-1122.712,278,1,0,76,0.78842,,
805,train,-224.7,39,1,0,11,0.78819,,
806,train,-819.199,168,1,0,43,0.78796,,
807,train,-109.092,1,1,0,0,0.78773,,
808,train,-1286.8,273,1,0,73,0.7875,,
809,train,-1442.794,311,1,0,98,0.78727,,
810,train,-550.752,110,1,0,34,0.78704,,
811,train,-631.2,124,1,0,42,0.78681,,
812,train,-108.2,3,1,0,1,0.78658,,
813,train,-666.5,147,1,0,37,0.78635,,
814,train,-1620.24,400,0,0,101,0.78613,,
815,train,-1571.323,400,0,2,107,0.7859,,
816,train,-1596.91,400,0,2,100,0.78567,,
817,train,-612.943,122,1,0,33,0.78544,,
818,train,-1487.075,355,1,0,106,0.78521,,
819,train,-1383.479,307,1,0,76,0.78498,,
820,train,-798.951,195,1,0,53,0.78476,,
821,train,-1418.5,323,1,0,100,0.78453,,
822,train,-1435.477,362,1,0,85,0.7843,,
823,train,-715.5,151,1,0,39,0.78407,,
824,train,-971.4,227,1,0,65,0.78384,,
825,train,-954.5,207,1,0,70,0.78361,,
826,train,-1561.297,400,0,8,94,0.78339,,
827,train,-1515.846,400,0,0,102,0.78316,,
828,train,-956.4,198,1,0,52,0.78293,,
829,train,-1609.458,348,1,0,101,0.7827,,
830,train,-818.21,199,1,0,50,0.78248,,
831,train,-1067.746,242,1,0,64,0.78225,,
832,train,-1644.232,400,0,1,93,0.78202,,
833,train,-371.4,77,1,0,22,0.78179,,
834,train,-373.0,66,1,0,23,0.78157,,
835,train,-223.6,33,1,0,9,0.78134,,
836,train,-1628.871,400,0,1,110,0.78111,,
837,train,-137.9,14,1,0,2,0.78089,,
838,train,-376.854,61,1,0,17,0.78066,,
839,train,-1698.665,400,0,3,102,0.78043,,
840,train,-113.6,3,1,0,1,0.78021,,
841,train,-1078.864,235,1,0,53,0.77998,,
842,train,-1087.806,266,1,0,75,0.77975,,
843,train,-274.0,44,1,0,13,0.77953,,
844,train,-861.1,199,1,0,51,0.7793,,
845,train,-1669.86,400,0,4,107,0.77907,,
846,train,-1575.433,400,0,1,109,0.77885,,
847,train,-1211.466,282,1,0,75,0.77862,,
848,train,-582.8,117,1,0,25,0.77839,,
849,train,-830.6,171,1,0,46,0.77817,,
850,train,-1035.959,223,1,0,58,0.77794,,
851,train,-1856.912,400,0,1,114,0.77772,,
852,train,-1089.8,254,1,0,63,0.77749,,
853,train,-143.0,11,1,0,2,0.77726,,
854,train,-1568.3,390,1,0,103,0.77704,,
855,train,-681.6,126,1,0,43,0.77681,,
856,train,-548.2,111,1,0,28,0.77659,,
857,train,-1583.806,400,0,3,84,0.77636,,
858,train,-1102.656,220,1,0,53,0.77614,,
859,train,-223.3,33,1,0,8,0.77591,,
860,train,-1545.488,400,0,2,94,0.77569,,
861,train,-346.2,60,1,0,14,0.77546,,
862,train,-278.076,44,1,0,11,0.77524,,
863,train,-1617.555,400,0,0,100,0.77501,,
864,train,-555.5,103,1,0,25,0.77479,,
865,train,-128.754,4,1,0,2,0.77456,,
866,train,-1147.724,249,1,0,75,0.77434,,
867,train,-1026.054,236,1,0,61,0.77411,,
868,train,-1042.9,269,1,0,70,0.77389,,
869,train,-1647.956,400,0,1,97,0.77366,,
870,train,-1441.223,311,1,0,80,0.77344,,
871,train,-422.939,70,1,0,18,0.77321,,
872,train,-481.7,105,1,0,25,0.77299,,
873,train,-1312.9,326,1,0,84,0.77276,,
874,train,-1539.359,400,0,0,100,0.77254,,
875,train,-1120.672,238,1,0,65,0.77232,,
876,train,-745.6,149,1,0,40,0.77209,,
877,train,-332.4,63,1,0,17,0.77187,,
878,train,-1086.72,255,1,0,75,0.77164,,
879,train,-222.37,36,1,0,7,0.77142,,
880,train,-283.4,38,1,0,13,0.7712,,
881,train,-1641.848,396,1,0,97,0.77097,,
882,train,-1425.4,338,1,0,101,0.77075,,
883,train,-661.3,160,1,0,31,0.77053,,
884,train,-1523.869,400,0,1,109,0.7703,,
885,train,-273.2,46,1,0,12,0.77008,,
886,train,-1626.202,400,0,0,106,0.76986,,
887,train,-1609.724,400,0,0,98,0.76963,,
888,train,-1649.3,400,0,1,96,0.76941,,
889,train,-357.688,59,1,0,14,0.76919,,
890,train,-632.0,131,1,0,33,0.76896,,
891,train,-1508.713,400,0,1,92,0.76874,,
892,train,-789.021,177,1,0,45,0.76852,,
893,train,-150.7,8,1,0,1,0.76829,,
894,train,-1095.554,248,1,0,60,0.76807,,
895,train,-178.6,17,1,0,7,0.76785,,
896,train,-1705.795,388,1,0,100,0.76763,,
897,train,-472.9,76,1,0,17,0.7674,,
898,train,-1590.3,353,1,0,97,0.76718,,
899,train,-1546.33,400,0,0,97,0.76696,,
900,train,-1633.0,400,0,2,110,0.76674,,
901,train,-113.6,3,1,0,1,0.76651,,
902,train,-443.9,86,1,0,18,0.76629,,
903,train,-1831.17,400,0,0,106,0.76607,,
904,train,-1578.44,400,0,1,105,0.76585,,
905,train,-972.004,223,1,0,56,0.76563,,
906,train,-1386.156,354,1,0,97,0.7654,,
907,train,-221.0,32,1,0,7,0.76518,,
908,train,-878.8,205,1,0,53,0.76496,,
909,train,-1335.452,337,1,0,80,0.76474,,
910,train,-203.3,32,1,0,8,0.76452,,
911,train,-332.4,60,1,0,13,0.7643,,
912,train,-1416.4,304,1,0,82,0.76407,,
913,train,-1667.712,400,0,0,113,0.76385,,
914,train,-772.5,157,1,0,40,0.76363,,
915,train,-1417.211,351,1,0,95,0.76341,,
916,train,-356.0,64,1,0,18,0.76319,,
917,train,-1650.211,377,1,0,100,0.76297,,
918,train,-1345.9,299,1,0,82,0.76275,,
919,train,-1503.943,400,0,1,101,0.76253,,
920,train,-210.3,43,1,0,7,0.76231,,
921,train,-109.1,1,1,0,0,0.76209,,
922,train,-1567.84,400,0,0,105,0.76186,,
923,train,-846.381,179,1,0,42,0.76164,,
924,train,-706.753,168,1,0,43,0.76142,,
925,train,-1512.307,353,1,0,84,0.7612,,
926,train,-320.0,61,1,0,17,0.76098,,
927,train,-146.8,19,1,0,5,0.76076,,
928,train,-767.9,181,1,0,41,0.76054,,
929,train,-396.9,67,1,0,15,0.76032,,
930,train,-1667.77,395,1,0,108,0.7601,,
931,train,-790.8,158,1,0,43,0.75988,,
932,train,-465.7,108,1,0,26,0.75966,,
933,train,-1266.4,302,1,0,71,0.75944,,
934,train,-1360.342,296,1,0,84,0.75922,,
935,train,-456.9,83,1,0,24,0.759,,
936,train,-123.752,7,1,0,2,0.75878,,
937,train,-236.7,31,1,0,10,0.75856,,
938,train,-1539.636,375,1,0,94,0.75834,,
939,train,-936.098,194,1,0,50,0.75812,,
940,train,-1491.596,400,0,0,92,0.75791,,
941,train,-1663.668,400,0,0,90,0.75769,,
942,train,-972.675,250,1,0,60,0.75747,,
943,train,-1572.1,400,0,3,105,0.75725,,
944,train,-1643.564,400,0,0,104,0.75703,,
945,train,-1140.146,260,1,0,70,0.75681,,
946,train,-1252.102,286,1,0,72,0.75659,,
947,train,-1323.554,310,1,0,84,0.75637,,
948,train,-1578.597,400,0,0,97,0.75615,,
949,train,-134.7,9,1,0,2,0.75593,,
950,train,-620.7,134,1,0,34,0.75572,,
951,train,-619.099,149,1,0,41,0.7555,,
952,train,-1615.998,396,1,0,100,0.75528,,
953,train,-1391.471,328,1,0,80,0.75506,,
954,train,-336.9,56,1,0,10,0.75484,,
955,train,-1756.016,386,1,0,112,0.75462,,
956,train,-1572.4,400,0,1,107,0.75441,,
957,train,-109.1,1,1,0,0,0.75419,,
958,train,-132.2,6,1,0,4,0.75397,,
959,train,-358.032,70,1,0,14,0.75375,,
960,train,-1770.866,392,1,0,90,0.75353,,
961,train,-1298.594,328,1,0,79,0.75332,,
962,train,-317.056,67,1,0,16,0.7531,,
963,train,-515.3,106,1,0,30,0.75288,,
964,train,-940.464,188,1,0,45,0.75266,,
965,train,-1650.772,346,1,0,91,0.75245,,
966,train,-339.5,60,1,0,16,0.75223,,
967,train,-423.0,93,1,0,23,0.75201,,
968,train,-1504.947,400,0,0,108,0.75179,,
969,train,-1385.2,400,0,0,98,0.75158,,
970,train,-1040.3,275,1,0,59,0.75136,,
971,train,-478.8,102,1,0,28,0.75114,,
972,train,-1208.666,289,1,0,75,0.75093,,
973,train,-465.9,81,1,0,29,0.75071,,
974,train,-108.947,1,1,0,0,0.75049,,
975,train,-527.497,110,1,0,32,0.75027,,
976,train,-108.634,1,1,0,0,0.75006,,
977,train,-364.9,69,1,0,21,0.74984,,
978,train,-1541.067,400,0,4,98,0.74962,,
979,train,-408.062,87,1,0,22,0.74941,,
980,train,-181.4,15,1,0,4,0.74919,,
981,train,-1495.169,400,0,0,100,0.74898,,
982,train,-294.9,47,1,0,9,0.74876,,
983,train,-1088.2,272,1,0,66,0.74854,,
984,train,-1484.251,400,0,0,97,0.74833,,
985,train,-1570.1,400,0,3,103,0.74811,,
986,train,-1626.586,400,0,3,100,0.74789,,
987,train,-652.389,146,1,0,42,0.74768,,
988,train,-1506.6,400,0,1,104,0.74746,,
989,train,-542.049,113,1,0,27,0.74725,,
990,train,-945.2,219,1,0,48,0.74703,,
991,train,-449.202,86,1,0,23,0.74682,,
992,train,-488.684,77,1,0,17,0.7466,,
993,train,-480.687,99,1,0,27,0.74638,,
994,train,-1063.27,265,1,0,63,0.74617,,
995,train,-1155.236,281,1,0,68,0.74595,,
996,train,-428.4,73,1,0,22,0.74574,,
997,train,-1458.643,400,0,0,109,0.74552,,
998,train,-1051.6,242,1,0,61,0.74531,,
999,train,-1474.769,400,0,1,104,0.74509,,
1000,train,-1524.202,400,0,0,95,0.74488,,
1001,train,-1513.231,400,0,0,98,0.74466,,
1002,train,-1601.188,400,0,1,99,0.74445,,
1003,train,-1108.6,262,1,0,66,0.74423,,
1004,train,-1405.649,329,1,0,73,0.74402,,
1005,train,-109.1,1,1,0,0,0.7438,,
1006,train,-124.5,8,1,0,3,0.74359,,
1007,train,-858.092,204,1,0,43,0.74338,,
1008,train,-1543.6,382,1,0,105,0.74316,,
1009,train,-974.046,186,1,0,60,0.74295,,
1010,train,-502.9,100,1,0,20,0.74273,,
1011,train,-1436.985,400,0,0,98,0.74252,,
1012,train,-1591.1,400,0,3,97,0.7423,,
1013,train,-1566.34,400,0,1,115,0.74209,,
1014,train,-796.7,174,1,0,40,0.74188,,
1015,train,-190.449,26,1,0,5,0.74166,,
1016,train,-151.1,18,1,0,4,0.74145,,
1017,train,-1579.252,386,1,0,99,0.74123,,
1018,train,-205.5,32,1,0,6,0.74102,,
1019,train,-994.1,223,1,0,57,0.74081,,
1020,train,-206.3,21,1,0,4,0.74059,,
1021,train,-1640.345,400,0,1,86,0.74038,,
1022,train,-1473.437,358,1,0,92,0.74017,,
1023,train,-108.985,1,1,0,0,0.73995,,
1024,train,-1477.4,400,0,1,102,0.73974,,
1025,train,-1129.162,237,1,0,78,0.73953,,
1026,train,-151.1,8,1,0,5,0.73931,,
1027,train,-1459.195,400,0,2,92,0.7391,,
1028,train,-159.9,17,1,0,6,0.73889,,
1029,train,-1070.1,269,1,0,66,0.73867,,
1030,train,-1417.336,400,0,1,93,0.73846,,
1031,train,-627.816,123,1,0,32,0.73825,,
1032,train,-1709.4,400,0,0,127,0.73804,,
1033,train,-1575.1,400,0,0,110,0.73782,,
1034,train,-646.3,160,1,0,26,0.73761,,
1035,train,-209.4,24,1,0,8,0.7374,,
1036,train,-1428.3,400,0,2,91,0.73719,,
1037,train,-478.8,96,1,0,26,0.73697,,
1038,train,-548.245,122,1,0,27,0.73676,,
1039,train,-1450.984,400,0,5,96,0.73655,,
1040,train,-228.231,36,1,0,9,0.73634,,
1041,train,-1273.9,322,1,0,77,0.73612,,
1042,train,-1167.561,243,1,0,71,0.73591,,
1043,train,-1598.6,400,0,2,104,0.7357,,
1044,train,-508.457,113,1,0,27,0.73549,,
1045,train,-1502.5,400,0,0,88,0.73528,,
1046,train,-1548.569,400,0,2,106,0.73507,,
1047,train,-1049.786,236,1,0,58,0.73485,,
1048,train,-460.852,84,1,0,21,0.73464,,
1049,train,-1590.881,400,0,0,100,0.73443,,
1050,train,-1454.213,400,0,4,105,0.73422,,
1051,train,-210.8,30,1,0,10,0.73401,,
1052,train,-1648.609,400,0,2,112,0.7338,,
1053,train,-631.3,147,1,0,30,0.73359,,
1054,train,-1382.674,350,1,0,87,0.73337,,
1055,train,-240.852,30,1,0,8,0.73316,,
1056,train,-869.969,222,1,0,52,0.73295,,
1057,train,-1389.881,326,1,0,75,0.73274,,
1058,train,-1507.4,360,1,0,93,0.73253,,
1059,train,-1656.411,390,1,0,96,0.73232,,
1060,train,-1525.279,400,0,0,86,0.73211,,
1061,train,-1404.369,312,1,0,82,0.7319,,
1062,train,-1384.1,311,1,0,80,0.73169,,
1063,train,-795.2,193,1,0,44,0.73148,,
1064,train,-1218.169,265,1,0,67,0.73127,,
1065,train,-1067.846,268,1,0,62,0.73106,,
1066,train,-872.8,216,1,0,62,0.73085,,
1067,train,-746.793,179,1,0,47,0.73064,,
1068,train,-1455.669,400,0,0,94,0.73043,,
1069,train,-109.1,1,1,0,0,0.73022,,
1070,train,-651.5,145,1,0,36,0.73001,,
1071,train,-402.1,83,1,0,29,0.7298,,
1072,train,-570.0,138,1,0,31,0.72959,,
1073,train,-1079.565,235,1,0,56,0.72938,,
1074,train,-1531.764,400,0,0,115,0.72917,,
1075,train,-1364.053,323,1,0,90,0.72896,,
1076,train,-1141.055,270,1,0,73,0.72875,,
1077,train,-138.0,10,1,0,4,0.72854,,
1078,train,-1502.002,400,0,0,105,0.72833,,
1079,train,-1440.475,400,0,1,81,0.72812,,
1080,train,-318.9,55,1,0,10,0.72791,,
1081,train,-642.354,144,1,0,33,0.7277,,
1082,train,-511.9,118,1,0,24,0.72749,,
1083,train,-681.23,140,1,0,35,0.72728,,
1084,train,-1366.251,357,1,0,82,0.72707,,
1085,train,-874.5,195,1,0,58,0.72686,,
1086,train,-1170.6,299,1,0,70,0.72665,,
1087,train,-380.7,85,1,0,22,0.72645,,
1088,train,-477.2,106,1,0,30,0.72624,,
1089,train,-1357.889,400,0,0,101,0.72603,,
1090,train,-495.6,105,1,0,27,0.72582,,
1091,train,-321.2,57,1,0,16,0.72561,,
1092,train,-676.708,151,1,0,43,0.7254,,
1093,train,-398.4,93,1,0,14,0.72519,,
1094,train,-1418.9,330,1,0,90,0.72499,,
1095,train,-303.696,47,1,0,12,0.72478,,
1096,train,-1373.444,400,0,0,99,0.72457,,
1097,train,-700.1,147,1,0,36,0.72436,,
1098,train,-1001.6,226,1,0,62,0.72415,,
1099,train,-263.377,42,1,0,11,0.72394,,
1100,train,-166.956,16,1,0,3,0.72374,,
1101,train,-294.3,45,1,0,14,0.72353,,
1102,train,-605.146,131,1,0,28,0.72332,,
1103,train,-1471.7,400,0,3,76,0.72311,,
1104,train,-1293.446,313,1,0,75,0.72291,,
1105,train,-506.7,85,1,0,13,0.7227,,
1106,train,-1498.435,400,0,0,93,0.72249,,
1107,train,-419.339,73,1,0,20,0.72228,,
1108,train,-109.1,1,1,0,0,0.72208,,
1109,train,-31.5,9,0,4,0,0.72187,,
1110,train,-1146.797,266,1,0,68,0.72166,,
1111,train,-116.1,3,1,0,2,0.72145,,
1112,train,-1500.5,400,0,1,98,0.72125,,
1113,train,-1421.754,374,1,0,86,0.72104,,
1114,train,-967.2,227,1,0,52,0.72083,,
1115,train,-1659.174,400,0,1,100,0.72063,,
1116,train,-1309.9,344,1,0,88,0.72042,,
1117,train,-287.0,61,1,0,14,0.72021,,
1118,train,-1379.105,400,0,1,90,0.72001,,
1119,train,-219.9,40,1,0,10,0.7198,,
1120,train,-952.6,223,1,0,60,0.71959,,
1121,train,-143.1,12,1,0,2,0.71939,,
1122,train,-1492.6,400,0,0,96,0.71918,,
1123,train,-424.457,91,1,0,19,0.71897,,
1124,train,-1272.0,334,1,0,83,0.71877,,
1125,train,-902.3,177,1,0,42,0.71856,,
1126,train,-1477.7,400,0,2,104,0.71835,,
1127,train,-742.0,197,1,0,40,0.71815,,
1128,train,-1145.115,316,1,0,67,0.71794,,
1129,train,-915.822,191,1,0,50,0.71774,,
1130,train,-346.0,73,1,0,11,0.71753,,
1131,train,-1493.448,400,0,2,87,0.71732,,
1132,train,-246.89,48,1,0,11,0.71712,,
1133,train,-1486.6,400,0,1,90,0.71691,,
1134,train,-421.3,87,1,0,21,0.71671,,
1135,train,-108.973,1,1,0,0,0.7165,,
1136,train,-1642.3,379,1,0,99,0.7163,,
1137,train,-347.14,61,1,0,20,0.71609,,
1138,train,-1453.7,400,0,0,96,0.71589,,
1139,train,-1511.662,400,0,1,88,0.71568,,
1140,train,-1154.562,271,1,0,83,0.71548,,
1141,train,-340.699,70,1,0,17,0.71527,,
1142,train,-1488.032,400,0,3,101,0.71507,,
1143,train,-558.389,135,1,0,22,0.71486,,
1144,train,-727.305,145,1,0,36,0.71466,,
1145,train,-1036.709,241,1,0,60,0.71445,,
1146,train,-1405.961,384,1,0,92,0.71425,,
1147,train,-1561.988,400,0,0,92,0.71404,,
1148,train,-347.4,56,1,0,12,0.71384,,
1149,train,-945.449,243,1,0,59,0.71363,,
1150,train,-557.106,127,1,0,30,0.71343,,
1151,train,-701.4,201,1,0,36,0.71322,,
1152,train,-161.7,16,1,0,6,0.71302,,
1153,train,-453.502,84,1,0,19,0.71281,,
1154,train,-338.7,70,1,0,15,0.71261,,
1155,train,-276.5,49,1,0,12,0.71241,,
1156,train,-392.4,70,1,0,13,0.7122,,
1157,train,-109.1,1,1,0,0,0.712,,
1158,train,-549.0,93,1,0,20,0.71179,,
1159,train,-1504.0,400,0,0,104,0.71159,,
1160,train,-225.5,42,1,0,7,0.71139,,
1161,train,-1432.52,400,0,1,89,0.71118,,
1162,train,-1482.845,400,0,0,110,0.71098,,
1163,train,-1429.448,400,0,0,114,0.71077,,
1164,train,-1447.946,400,0,0,84,0.71057,,
1165,train,-174.3,18,1,0,5,0.71037,,
1166,train,-705.2,184,1,0,39,0.71016,,
1167,train,-1458.595,400,0,0,101,0.70996,,
1168,train,-1259.488,400,0,0,84,0.70976,,
1169,train,-1523.038,374,1,0,86,0.70955,,
1170,train,-109.1,1,1,0,0,0.70935,,
1171,train,-109.1,1,1,0,0,0.70915,,
1172,train,-896.178,233,1,0,57,0.70895,,
1173,train,-245.7,47,1,0,8,0.70874,,
1174,train,-1204.2,276,1,0,70,0.70854,,
1175,train,-225.4,35,1,0,6,0.70834,,
1176,train,-1339.466,400,0,4,90,0.70813,,
1177,train,-1208.957,327,1,0,82,0.70793,,
1178,train,-293.1,47,1,0,12,0.70773,,
1179,train,-1124.37,293,1,0,76,0.70753,,
1180,train,-865.144,223,1,0,50,0.70732,,
1181,train,-1454.166,376,1,0,89,0.70712,,
1182,train,-109.1,1,1,0,0,0.70692,,
1183,train,-443.1,110,1,0,27,0.70672,,
1184,train,-865.77,191,1,0,46,0.70651,,
1185,train,-1437.8,368,1,0,91,0.70631,,
1186,train,-137.252,14,1,0,1,0.70611,,
1187,train,-1145.89,297,1,0,68,0.70591,,
1188,train,-678.89,159,1,0,37,0.70571,,
1189,train,-1683.888,399,1,0,98,0.7055,,
1190,train,-603.437,135,1,0,30,0.7053,,
1191,train,-1503.099,400,0,2,89,0.7051,,
1192,train,-546.0,116,1,0,24,0.7049,,
1193,train,-603.9,120,1,0,37,0.7047,,
1194,train,-1426.199,400,0,0,95,0.7045,,
1195,train,-412.899,95,1,0,24,0.70429,,
1196,train,-1398.793,383,1,0,88,0.70409,,
1197,train,-151.2,13,1,0,1,0.70389,,
1198,train,-1270.7,400,0,0,81,0.70369,,
1199,train,-597.072,125,1,0,33,0.70349,,
1200,train,-1684.155,392,1,0,98,0.70329,,
1200,eval,,,,,,0.70329,0.25,309.169
1201,train,-787.749,192,1,0,49,0.70309,,
1202,train,-610.651,148,1,0,43,0.70289,,
1203,train,-1374.181,400,0,1,87,0.70269,,
1204,train,-221.2,49,1,0,9,0.70248,,
1205,train,-1398.2,400,0,1,95,0.70228,,
1206,train,-672.459,161,1,0,30,0.70208,,
1207,train,-752.3,164,1,0,36,0.70188,,
1208,train,-1098.57,295,1,0,72,0.70168,,
1209,train,-1265.6,360,1,0,75,0.70148,,
1210,train,-1283.27,351,1,0,71,0.70128,,
1211,train,-1534.913,400,0,1,91,0.70108,,
1212,train,-1404.887,400,0,0,88,0.70088,,
1213,train,-1149.673,267,1,0,80,0.70068,,
1214,train,-222.0,41,1,0,12,0.70048,,
1215,train,-305.5,44,1,0,17,0.70028,,
1216,train,-1441.0,400,0,1,104,0.70008,,
1217,train,-1421.764,400,0,2,106,0.69988,,
1218,train,-291.189,45,1,0,11,0.69968,,
1219,train,-1225.73,287,1,0,65,0.69948,,
1220,train,-700.6,152,1,0,34,0.69928,,
1221,train,-108.1,2,1,0,1,0.69908,,
1222,train,-1292.356,400,0,0,78,0.69888,,
1223,train,-398.683,81,1,0,17,0.69868,,
1224,train,-1335.782,350,1,0,84,0.69848,,
1225,train,-299.8,68,1,0,15,0.69828,,
1226,train,-1400.77,400,0,1,103,0.69808,,
1227,train,-164.452,15,1,0,5,0.69788,,
1228,train,-1463.428,400,0,0,105,0.69768,,
1229,train,-1578.779,394,1,0,97,0.69748,,
1230,train,-723.892,175,1,0,39,0.69729,,
1231,train,-348.7,66,1,0,15,0.69709,,
1232,train,-127.8,12,1,0,2,0.69689,,
1233,train,-1436.428,400,0,1,87,0.69669,,
1234,train,-1211.6,318,1,0,78,0.69649,,
1235,train,-316.9,57,1,0,15,0.69629,,
1236,train,-182.6,27,1,0,7,0.69609,,
1237,train,-230.902,34,1,0,5,0.69589,,
1238,train,-890.0,208,1,0,50,0.69569,,
1239,train,-378.365,63,1,0,24,0.6955,,
1240,train,-828.498,199,1,0,40,0.6953,,
1241,train,-415.7,92,1,0,27,0.6951,,
1242,train,-743.5,175,1,0,47,0.6949,,
1243,train,-605.577,123,1,0,25,0.6947,,
1244,train,-1360.037,400,0,0,92,0.6945,,
1245,train,-199.7,26,1,0,8,0.69431,,
1246,train,-1342.046,356,1,0,83,0.69411,,
1247,train,-1434.304,400,0,0,93,0.69391,,
1248,train,-596.3,125,1,0,38,0.69371,,
1249,train,-1581.936,400,0,0,96,0.69351,,
1250,train,-284.3,44,1,0,12,0.69332,,
1251,train,-1436.093,400,0,1,93,0.69312,,
1252,train,-1420.849,400,0,2,100,0.69292,,
1253,train,-1291.256,303,1,0,70,0.69272,,
1254,train,-1415.831,400,0,0,104,0.69253,,
1255,train,-867.145,202,1,0,64,0.69233,,
1256,train,-654.514,143,1,0,30,0.69213,,
1257,train,-1448.9,400,0,0,104,0.69193,,
1258,train,-162.1,14,1,0,7,0.69174,,
1259,train,-1582.9,400,0,0,105,0.69154,,
1260,train,-1367.57,332,1,0,83,0.69134,,
1261,train,-124.2,5,1,0,3,0.69115,,
1262,train,-499.998,131,1,0,23,0.69095,,
1263,train,-711.347,169,1,0,39,0.69075,,
1264,train,-1396.107,400,0,3,96,0.69055,,
1265,train,-1449.48,400,0,2,90,0.69036,,
1266,train,-505.8,110,1,0,26,0.69016,,
1267,train,-1453.005,400,0,0,88,0.68996,,
1268,train,-1413.096,329,1,0,76,0.68977,,
1269,train,-1373.788,400,0,0,75,0.68957,,
1270,train,-540.918,146,1,0,30,0.68937,,
1271,train,-118.075,2,1,0,0,0.68918,,
1272,train,-1434.768,400,0,1,86,0.68898,,
1273,train,-1291.941,400,0,1,87,0.68879,,
1274,train,-1401.291,400,0,1,82,0.68859,,
1275,train,-1445.105,400,0,3,93,0.68839,,
1276,train,-569.8,121,1,0,29,0.6882,,
1277,train,-307.834,68,1,0,15,0.688,,
1278,train,-1361.097,400,0,1,81,0.6878,,
1279,train,-695.681,153,1,0,34,0.68761,,
1280,train,-881.2,248,1,0,55,0.68741,,
1281,train,-445.193,100,1,0,26,0.68722,,
1282,train,-838.454,203,1,0,40,0.68702,,
1283,train,-1449.451,375,1,0,88,0.68683,,
1284,train,-307.6,58,1,0,11,0.68663,,
1285,train,-108.0,1,1,0,1,0.68643,,
1286,train,-1060.0,301,1,0,59,0.68624,,
1287,train,-115.519,2,1,0,1,0.68604,,
1288,train,-1525.804,400,0,0,101,0.68585,,
1289,train,-1069.286,295,1,0,68,0.68565,,
1290,train,-718.9,154,1,0,26,0.68546,,
1291,train,-789.441,188,1,0,43,0.68526,,
1292,train,-948.997,238,1,0,57,0.68507,,
1293,train,-143.1,12,1,0,2,0.68487,,
1294,train,-376.1,73,1,0,21,0.68468,,
1295,train,-288.7,48,1,0,17,0.68448,,
1296,train,-982.461,259,1,0,56,0.68429,,
1297,train,-851.954,219,1,0,54,0.68409,,
1298,train,-269.954,46,1,0,12,0.6839,,
1299,train,-244.6,40,1,0,11,0.6837,,
1300,train,-1373.8,400,0,0,69,0.68351,,
1301,train,-1078.12,307,1,0,65,0.68332,,
1302,train,-223.7,31,1,0,9,0.68312,,
1303,train,-910.99,208,1,0,49,0.68293,,
1304,train,-1058.749,242,1,0,47,0.68273,,
1305,train,-1377.719,400,0,0,96,0.68254,,
1306,train,-1247.863,293,1,0,66,0.68234,,
1307,train,-109.1,1,1,0,0,0.68215,,
1308,train,-576.0,127,1,0,31,0.68196,,
1309,train,-1184.652,276,1,0,73,0.68176,,
1310,train,-1294.799,400,0,0,91,0.68157,,
1311,train,-427.8,97,1,0,22,0.68137,,
1312,train,-1334.4,400,0,0,94,0.68118,,
1313,train,-480.153,93,1,0,21,0.68099,,
1314,train,-109.1,1,1,0,0,0.68079,,
1315,train,-1485.689,400,0,0,108,0.6806,,
1316,train,-1276.306,400,0,0,83,0.68041,,
1317,train,-601.2,114,1,0,31,0.68021,,
1318,train,-292.1,49,1,0,11,0.68002,,
1319,train,-1378.737,400,0,0,92,0.67983,,
1320,train,-432.324,98,1,0,26,0.67963,,
1321,train,-1054.369,280,1,0,54,0.67944,,
1322,train,-858.445,242,1,0,46,0.67925,,
1323,train,-1382.105,400,0,2,81,0.67905,,
1324,train,-675.2,162,1,0,40,0.67886,,
1325,train,-1022.396,299,1,0,70,0.67867,,
1326,train,-117.6,5,1,0,1,0.67847,,
1327,train,-932.206,236,1,0,45,0.67828,,
1328,train,-487.132,111,1,0,21,0.67809,,
1329,train,-108.0,1,1,0,1,0.6779,,
1330,train,-1363.802,400,0,3,78,0.6777,,
1331,train,-167.4,17,1,0,3,0.67751,,
1332,train,-1454.124,400,0,0,80,0.67732,,
1333,train,-571.89,126,1,0,28,0.67713,,
1334,train,-1383.177,400,0,2,80,0.67693,,
1335,train,-239.5,34,1,0,11,0.67674,,
1336,train,-1391.475,400,0,4,89,0.67655,,
1337,train,-1434.488,400,0,5,94,0.67636,,
1338,train,-1447.043,400,0,0,74,0.67617,,
1339,train,-1288.451,400,0,0,85,0.67597,,
1340,train,-414.2,111,1,0,13,0.67578,,
1341,train,-1408.613,400,0,1,92,0.67559,,
1342,train,-130.1,10,1,0,3,0.6754,,
1343,train,-1277.7,400,0,0,95,0.67521,,
1344,train,-832.462,195,1,0,43,0.67501,,
1345,train,-169.6,20,1,0,7,0.67482,,
1346,train,-962.749,247,1,0,54,0.67463,,
1347,train,-1172.6,293,1,0,74,0.67444,,
1348,train,-1253.469,400,0,1,92,0.67425,,
1349,train,-438.6,102,1,0,25,0.67406,,
1350,train,-542.346,118,1,0,30,0.67387,,
1351,train,-1403.77,400,0,1,87,0.67367,,
1352,train,-528.546,130,1,0,29,0.67348,,
1353,train,-597.9,156,1,0,43,0.67329,,
1354,train,-1427.946,400,0,0,93,0.6731,,
1355,train,-1110.149,273,1,0,66,0.67291,,
1356,train,-871.9,227,1,0,45,0.67272,,
1357,train,-1009.038,262,1,0,61,0.67253,,
1358,train,-1248.64,400,0,0,72,0.67234,,
1359,train,-1278.749,400,0,0,81,0.67215,,
1360,train,-225.2,45,1,0,6,0.67196,,
1361,train,-711.252,164,1,0,36,0.67177,,
1362,train,-1346.766,358,1,0,77,0.67157,,
1363,train,-591.5,167,1,0,29,0.67138,,
1364,train,-1443.755,342,1,0,79,0.67119,,
1365,train,-753.843,172,1,0,43,0.671,,
1366,train,-1507.652,400,0,0,87,0.67081,,
1367,train,-180.3,25,1,0,6,0.67062,,
1368,train,-532.787,119,1,0,27,0.67043,,
1369,train,-1278.9,400,0,0,98,0.67024,,
1370,train,-1319.596,400,0,1,71,0.67005,,
1371,train,-538.754,156,1,0,27,0.66986,,
1372,train,-1302.431,400,0,1,88,0.66967,,
1373,train,-1349.345,400,0,1,93,0.66948,,
1374,train,-558.4,158,1,0,35,0.66929,,
1375,train,-1311.951,400,0,0,83,0.6691,,
1376,train,-1415.205,400,0,1,100,0.66891,,
1377,train,-1153.614,309,1,0,73,0.66872,,
1378,train,-1399.4,400,0,2,100,0.66853,,
1379,train,-944.5,245,1,0,56,0.66834,,
1380,train,-1306.045,347,1,0,85,0.66816,,
1381,train,-347.0,68,1,0,17,0.66797,,
1382,train,-700.1,180,1,0,34,0.66778,,
1383,train,-995.766,307,1,0,49,0.66759,,
1384,train,-1394.611,400,0,0,98,0.6674,,
1385,train,-916.1,258,1,0,57,0.66721,,
1386,train,-748.435,195,1,0,43,0.66702,,
1387,train,-951.351,257,1,0,42,0.66683,,
1388,train,-451.4,93,1,0,15,0.66664,,
1389,train,-194.6,23,1,0,5,0.66645,,
1390,train,-1436.441,400,0,2,82,0.66626,,
1391,train,-1059.229,279,1,0,64,0.66608,,
1392,train,-1415.7,400,0,1,105,0.66589,,
1393,train,-330.702,54,1,0,16,0.6657,,
1394,train,-684.423,152,1,0,40,0.66551,,
1395,train,-1319.752,400,0,0,84,0.66532,,
1396,train,-731.3,164,1,0,41,0.66513,,
1397,train,-1380.674,400,0,0,105,0.66494,,
1398,train,-428.9,86,1,0,19,0.66476,,
1399,train,-1265.888,400,0,0,75,0.66457,,
1400,train,-1373.199,400,0,3,83,0.66438,,
1401,train,-626.1,178,1,0,34,0.66419,,
1402,train,-537.646,125,1,0,25,0.664,,
1403,train,-1560.802,400,0,0,84,0.66382,,
1404,train,-826.5,212,1,0,50,0.66363,,
1405,train,-1155.4,312,1,0,80,0.66344,,
1406,train,-248.3,39,1,0,12,0.66325,,
1407,train,-177.5,16,1,0,6,0.66306,,
1408,train,-204.651,17,1,0,6,0.66288,,
1409,train,-1067.199,239,1,0,56,0.66269,,
1410,train,-846.616,204,1,0,41,0.6625,,
1411,train,-1319.905,400,0,0,102,0.66231,,
1412,train,-521.7,118,1,0,27,0.66213,,
1413,train,-621.931,124,1,0,41,0.66194,,
1414,train,-223.952,46,1,0,5,0.66175,,
1415,train,-143.6,12,1,0,4,0.66157,,
1416,train,-180.787,23,1,0,5,0.66138,,
1417,train,-1277.382,400,0,0,86,0.66119,,
1418,train,-1001.766,280,1,0,57,0.661,,
1419,train,-900.405,243,1,0,51,0.66082,,
1420,train,-116.1,3,1,0,2,0.66063,,
1421,train,-1386.212,400,0,0,93,0.66044,,
1422,train,-1139.9,276,1,0,59,0.66026,,
1423,train,-274.5,53,1,0,12,0.66007,,
1424,train,-944.5,207,1,0,43,0.65988,,
1425,train,-108.1,2,1,0,1,0.6597,,
1426,train,-412.474,96,1,0,12,0.65951,,
1427,train,-608.6,146,1,0,37,0.65932,,
1428,train,-134.6,11,1,0,2,0.65914,,
1429,train,-1268.0,400,0,0,91,0.65895,,
1430,train,-117.497,2,1,0,0,0.65876,,
1431,train,-326.0,70,1,0,18,0.65858,,
1432,train,-1437.22,400,0,1,88,0.65839,,
1433,train,-1006.545,291,1,0,63,0.65821,,
1434,train,-109.1,1,1,0,0,0.65802,,
1435,train,-974.987,223,1,0,45,0.65783,,
1436,train,-1327.5,400,0,0,92,0.65765,,
1437,train,-1495.6,400,0,0,88,0.65746,,
1438,train,-1104.283,293,1,0,73,0.65728,,
1439,train,-293.452,62,1,0,12,0.65709,,
1440,train,-1187.526,336,1,0,70,0.65691,,
1441,train,-113.5,2,1,0,1,0.65672,,
1442,train,-369.218,74,1,0,16,0.65653,,
1443,train,-1362.075,400,0,0,84,0.65635,,
1444,train,-109.1,1,1,0,0,0.65616,,
1445,train,-1476.8,400,0,0,94,0.65598,,
1446,train,-1419.702,400,0,1,82,0.65579,,
1447,train,-1499.902,400,0,2,88,0.65561,,
1448,train,-862.6,207,1,0,44,0.65542,,
1449,train,-1178.887,338,1,0,75,0.65524,,
1450,train,-1407.398,400,0,0,87,0.65505,,
1451,train,-826.891,228,1,0,54,0.65487,,
1452,train,-414.465,93,1,0,24,0.65468,,
1453,train,-1361.4,400,0,1,98,0.6545,,
1454,train,-796.924,203,1,0,54,0.65431,,
1455,train,-1385.768,400,0,2,88,0.65413,,
1456,train,-748.8,194,1,0,37,0.65394,,
1457,train,-952.869,255,1,0,44,0.65376,,
1458,train,-450.346,114,1,0,28,0.65357,,
1459,train,-861.356,197,1,0,42,0.65339,,
1460,train,-1278.035,394,1,0,78,0.6532,,
1461,train,-1389.149,400,0,0,85,0.65302,,
1462,train,-116.1,3,1,0,2,0.65284,,
1463,train,-1265.669,400,0,0,89,0.65265,,
1464,train,-528.2,116,1,0,29,0.65247,,
1465,train,-109.1,1,1,0,0,0.65228,,
1466,train,-319.3,70,1,0,14,0.6521,,
1467,train,-730.001,175,1,0,45,0.65192,,
1468,train,-276.2,47,1,0,13,0.65173,,
1469,train,-1309.198,400,0,0,91,0.65155,,
1470,train,-363.3,72,1,0,17,0.65136,,
1471,train,-696.089,184,1,0,32,0.65118,,
1472,train,-1347.91,367,1,0,97,0.651,,
1473,train,-456.4,116,1,0,24,0.65081,,
1474,train,-1121.799,306,1,0,65,0.65063,,
1475,train,-616.921,147,1,0,37,0.65045,,
1476,train,-1343.958,400,0,0,77,0.65026,,
1477,train,-143.9,15,1,0,4,0.65008,,
1478,train,-613.872,132,1,0,29,0.6499,,
1479,train,-1258.758,336,1,0,76,0.64971,,
1480,train,-1307.263,400,0,1,81,0.64953,,
1481,train,-680.0,163,1,0,35,0.64935,,
1482,train,-1180.266,285,1,0,68,0.64916,,
1483,train,-145.6,17,1,0,4,0.64898,,
1484,train,-653.354,154,1,0,33,0.6488,,
1485,train,-533.093,123,1,0,26,0.64861,,
1486,train,-725.652,169,1,0,39,0.64843,,
1487,train,-1198.345,323,1,0,79,0.64825,,
1488,train,-762.257,205,1,0,44,0.64807,,
1489,train,-109.1,1,1,0,0,0.64788,,
1490,train,-509.6,116,1,0,26,0.6477,,
1491,train,-568.201,132,1,0,30,0.64752,,
1492,train,-1380.016,400,0,2,87,0.64734,,
1493,train,-1269.844,400,0,0,87,0.64715,,
1494,train,-1404.2,400,0,0,76,0.64697,,
1495,train,-109.1,1,1,0,0,0.64679,,
1496,train,-1524.4,400,0,0,87,0.64661,,
1497,train,-137.5,15,1,0,3,0.64642,,
1498,train,-108.3,4,1,0,1,0.64624,,
1499,train,-1144.102,291,1,0,67,0.64606,,
1500,train,-1411.331,371,1,0,79,0.64588,,
